Wall time,Step,Value
1544248586.3825197,1,0.2745967209339142
1544255518.8926039,2,0.5804564356803894
1544262461.8916483,3,0.6652442812919617
1544269400.7303774,4,0.7055781483650208
1544276355.7691193,5,0.7320079803466797
1544283287.9959564,6,0.7519838213920593
1544290218.9316893,7,0.7671962976455688
1544297154.3717325,8,0.7796264886856079
1544304113.6740317,9,0.7928616404533386
1544311070.9460905,10,0.8037040829658508
1544318063.6839828,11,0.8128190636634827
1544325234.5751338,12,0.8225184679031372
1544332228.7669396,13,0.8312107920646667
1544339205.2105486,14,0.8401530385017395
1544346190.530164,15,0.8477795124053955
1544353184.0571232,16,0.8561373949050903
1544360175.6030438,17,0.8649325966835022
1544367130.6252296,18,0.8709492683410645
1544374096.1820693,19,0.8775098323822021
1544381034.4905603,20,0.8853347897529602
1544388027.1602066,21,0.8900760412216187
1544394995.541163,22,0.8965520858764648
1544401942.7124395,23,0.9023923277854919
